experiment_id,kind,environment,goal_name,repetition,started_at,finished_at,duration_s,partial,mock,operator_note,camera_topic,camera_observe_duration_s,camera_frames,camera_fps_mean,camera_resolution,camera_gap_count,camera_gap_total_s,camera_gap_max_s,camera_interval_mean_s,camera_interval_median_s,camera_interval_std_s,camera_interval_min_s,camera_interval_max_s,camera_latency_s,camera_latency_note,camera_bytes_mean,mapping_started_ros_s,mapping_ended_ros_s,mapping_duration_s,map_updates,map_known_area_start_m2,map_known_area_gain_m2,map_resolution_m,map_width_cells,map_height_cells,map_area_m2,map_known_area_m2,map_unknown_area_m2,map_occupied_cells,map_free_cells,map_unknown_cells,map_coverage_ratio,mecanum_directions,mecanum_results,motion_mode,mecanum_all_correct,ileri_verdict,ileri_primary,geri_verdict,geri_primary,sol_verdict,sol_primary,sag_verdict,sag_primary,ccw_verdict,ccw_primary,cw_verdict,cw_primary,goal_received,goal_uuid,goal_status,goal_succeeded,goal_pose_x,goal_pose_y,goal_pose_yaw_rad,goal_frame,goal_pose_source,start_ros_s,end_ros_s,duration_s,nav2_navigation_time_s,nav2_recoveries,nav2_distance_remaining_m,planned_path_len_m,actual_path_len_m,avg_speed_mps,linear_error_m,angular_error_deg,planned_path_len_final_m,plan_msgs,replan_count,first_replan_s,obstacle_events,min_scan_range_m,pose_samples,map_jumps_ignored,start_map_x,start_map_y,final_map_x,final_map_y,final_map_yaw_rad,bt_compute_path_runs,bt_clear_costmap_runs,bt_backup_runs,bt_first_recovery_s
camera_20260925_071251_6603f1,camera,lab-gercek,kamera-60s,1,2026-09-25T07:12:51,2026-09-25T07:13:54,62.43,False,False,"gercek robot, hareketsiz; robot sag tarafi sikisik durumda",/camera_csi/image_raw/compressed,60.016138553619385,900,14.995966446523804,1280x720,0,0.0,,0.06664311713451009,0.06657195091247559,0.003057816701800994,0.05341458320617676,0.07843613624572754,0.013792872428894043,"header damgası kullanıldı; bu ROS yayın->alım gecikmesidir, sensörden-ekrana uçtan uca gecikme DEĞİLDİR",71585.43777777778,,,,,,,,,,,,,,,,,,,,,,,,,,,,,,,,,,,,,,,,,,,,,,,,,,,,,,,,,,,,,,,,,,,,,
mapping_20260925_071414_8e60cf,mapping,lab-gercek,harita-baslangic,1,2026-09-25T07:14:14,2026-09-25T07:14:55,41.183,False,False,gercek robot; hareketsiz referans olcumu,,,,,,,,,,,,,,,,,1790320454.411587,1790320495.1958864,40.78429937362671,42,527.450015719235,0.0,0.05000000074505806,743,763,1417.2725422380122,527.450015719235,889.8225265187772,20170,190810,355929,0.3721584945732031,,,,,,,,,,,,,,,,,,,,,,,,,,,,,,,,,,,,,,,,,,,,,,,,,,,,,
mecanum_20260925_075351_f0205e,mecanum,lab-gercek,yon-1-ileri,1,2026-09-25T07:53:51,2026-09-25T07:54:15,24.43,False,False,tek yon; operator joystick,,,,,,,,,,,,,,,,,,,,,,,,,,,,,,,,,"[""ileri""]","[{""direction"": ""ileri"", ""clearance_m"": null, ""linear_distance_m"": 0.6019389428931111, ""forward_component_m"": 0.6014625742420611, ""lateral_component_m"": -0.023942906201824127, ""angular_change_deg"": -5.512772268613499, ""primary_component_m_or_deg"": 0.6014625742420611, ""lateral_deviation_m_or_deg"": 0.023942906201824127, ""motion_window_s"": 3.176347494125366, ""direction_verdict"": ""DOGRU"", ""auto_motion_completed"": null, ""skip_reason"": null}]",observe_only,True,DOGRU,0.6014625742420611,,,,,,,,,,,,,,,,,,,,,,,,,,,,,,,,,,,,,,,,,,,,,,,
mecanum_20260925_075447_924a0e,mecanum,lab-gercek,yon-2-geri,1,2026-09-25T07:54:47,2026-09-25T07:54:59,12.351,False,False,tek yon; operator joystick,,,,,,,,,,,,,,,,,,,,,,,,,,,,,,,,,"[""geri""]","[{""direction"": ""geri"", ""clearance_m"": null, ""linear_distance_m"": 0.6701977994312334, ""forward_component_m"": -0.6701076859839574, ""lateral_component_m"": 0.01098997487229017, ""angular_change_deg"": -1.880206175180357, ""primary_component_m_or_deg"": -0.6701076859839574, ""lateral_deviation_m_or_deg"": 0.01098997487229017, ""motion_window_s"": 3.354220151901245, ""direction_verdict"": ""DOGRU"", ""auto_motion_completed"": null, ""skip_reason"": null}]",observe_only,True,,,DOGRU,-0.6701076859839574,,,,,,,,,,,,,,,,,,,,,,,,,,,,,,,,,,,,,,,,,,,,,
mecanum_20260925_075529_f3ad0e,mecanum,lab-gercek,yon-3-sol,1,2026-09-25T07:55:29,2026-09-25T07:55:48,19.298,False,False,tek yon; operator joystick; yanal hareket kritik olcum,,,,,,,,,,,,,,,,,,,,,,,,,,,,,,,,,"[""sol""]","[{""direction"": ""sol"", ""clearance_m"": null, ""linear_distance_m"": 0.7114105641860858, ""forward_component_m"": 0.015477989212355568, ""lateral_component_m"": 0.7112421688043441, ""angular_change_deg"": -5.577720667125722, ""primary_component_m_or_deg"": 0.7112421688043441, ""lateral_deviation_m_or_deg"": 0.015477989212355568, ""motion_window_s"": 3.7439417839050293, ""direction_verdict"": ""DOGRU"", ""auto_motion_completed"": null, ""skip_reason"": null}]",observe_only,True,,,,,DOGRU,0.7112421688043441,,,,,,,,,,,,,,,,,,,,,,,,,,,,,,,,,,,,,,,,,,,
mecanum_20260925_075626_1286ae,mecanum,lab-gercek,yon-4-sag,1,2026-09-25T07:56:26,2026-09-25T07:57:27,60.409,False,False,tek yon; operator joystick; yanal hareket kritik olcum,,,,,,,,,,,,,,,,,,,,,,,,,,,,,,,,,"[""sag""]","[{""direction"": ""sag"", ""clearance_m"": null, ""linear_distance_m"": 0.8361206473460724, ""forward_component_m"": -0.040655910244582115, ""lateral_component_m"": -0.8351316266796507, ""angular_change_deg"": -4.17538571504059, ""primary_component_m_or_deg"": -0.8351316266796507, ""lateral_deviation_m_or_deg"": 0.040655910244582115, ""motion_window_s"": 4.158694744110107, ""direction_verdict"": ""DOGRU"", ""auto_motion_completed"": null, ""skip_reason"": null}]",observe_only,True,,,,,,,DOGRU,-0.8351316266796507,,,,,,,,,,,,,,,,,,,,,,,,,,,,,,,,,,,,,,,,,
mecanum_20260925_075800_8af414,mecanum,lab-gercek,yon-5-ccw,1,2026-09-25T07:58:00,2026-09-25T07:58:35,34.331,False,False,tek yon; operator joystick,,,,,,,,,,,,,,,,,,,,,,,,,,,,,,,,,"[""ccw""]","[{""direction"": ""ccw"", ""clearance_m"": null, ""linear_distance_m"": 0.020419685076239893, ""forward_component_m"": -0.019829273036462352, ""lateral_component_m"": -0.004874778913780736, ""angular_change_deg"": 41.17262591011293, ""primary_component_m_or_deg"": 41.17262591011293, ""lateral_deviation_m_or_deg"": 0.020419685076239893, ""motion_window_s"": 7.3773767948150635, ""direction_verdict"": ""DOGRU"", ""auto_motion_completed"": null, ""skip_reason"": null}]",observe_only,True,,,,,,,,,DOGRU,41.17262591011293,,,,,,,,,,,,,,,,,,,,,,,,,,,,,,,,,,,,,,,
mecanum_20260925_075906_cf369c,mecanum,lab-gercek,yon-6-cw,1,2026-09-25T07:59:06,2026-09-25T07:59:35,28.865,False,False,tek yon; operator joystick,,,,,,,,,,,,,,,,,,,,,,,,,,,,,,,,,"[""cw""]","[{""direction"": ""cw"", ""clearance_m"": null, ""linear_distance_m"": 0.012755011837976882, ""forward_component_m"": -0.005772703661310192, ""lateral_component_m"": -0.011373927176908875, ""angular_change_deg"": -13.827409470984108, ""primary_component_m_or_deg"": -13.827409470984108, ""lateral_deviation_m_or_deg"": 0.012755011837976882, ""motion_window_s"": 12.800017595291138, ""direction_verdict"": ""DOGRU"", ""auto_motion_completed"": null, ""skip_reason"": null}]",observe_only,True,,,,,,,,,,,DOGRU,-13.827409470984108,,,,,,,,,,,,,,,,,,,,,,,,,,,,,,,,,,,,,
repeatability_20260925_072525_323a36,repeatability,lab-gercek,rota-A-B,1,2026-09-25T07:25:25,2026-09-25T07:27:52,147.181,False,False,5 tur gidis-donus; her hedef ayri olcum,,,,,,,,,,,,,,,,,,,,,,,0.05000000074505806,736,765,1407.6000419497493,521.4250155396761,886.1750264100732,19960,188610,354470,0.3704354930377948,,,,,,,,,,,,,,,,,True,c4a35f49d5f81a9f1124a77c5db54b7d,succeeded,True,13.565576553344727,-9.133695602416992,-1.7782918036647641,map,global_plan_last_pose,1790321215.332534,1790321272.447871,58.40107083320618,58.30026922,3,0.16416093707084656,12.860746760164215,15.38273959726163,0.26339824557660646,0.1782421412469018,12.297225695207493,0.2056485552370884,44,43,1.331071138381958,0,,280,0,8.327585915526505,2.0042485168660598,13.434367153461057,-9.013054173801248,-1.5636647264225447,87,0,0,
repeatability_20260925_072752_666dfa,repeatability,lab-gercek,rota-A-B,2,2026-09-25T07:27:52,2026-09-25T07:30:08,135.896,False,False,5 tur gidis-donus; her hedef ayri olcum,,,,,,,,,,,,,,,,,,,,,,,0.05000000074505806,757,765,1447.7625431466852,521.622515545562,926.140027601123,19997,188652,370456,0.3602956285993041,,,,,,,,,,,,,,,,,True,27462d6d89cfab6bde131e3e45c1a3b1,succeeded,True,10.145857810974121,-6.0343017578125,-1.7782918036647641,map,global_plan_last_pose,1790321279.057383,1790321408.3405097,130.50272941589355,130.400358804,10,0.13343484699726105,4.574904858326368,8.632526427968903,0.06614824430574379,0.1459324580583527,1.2696423333255342,0.1736742697790407,98,69,1.3034355640411377,0,,631,0,13.41728313366899,-8.906665986736119,10.261413770030149,-6.123425843454903,-1.800451242703998,194,0,2,1790321319.1590436
repeatability_20260925_073008_2793d7,repeatability,lab-gercek,rota-A-B,3,2026-09-25T07:30:08,2026-09-25T07:30:32,24.144,False,False,5 tur gidis-donus; her hedef ayri olcum,,,,,,,,,,,,,,,,,,,,,,,0.05000000074505806,757,765,1447.7625431466852,521.9200155544282,925.8425275922568,20055,188713,370337,0.3605011181046615,,,,,,,,,,,,,,,,,True,75b0fcc42290e574b60c4f26907101dd,succeeded,True,6.226853370666504,-6.6793212890625,-1.7782918036647641,map,global_plan_last_pose,1790321414.0929415,1790321432.5082285,19.60032844543457,19.500327807,0,0.20951496064662933,4.5858554277143675,5.375747327940236,0.2742682268261881,0.22213847286101515,22.01362594005281,0.25951496788735273,15,14,1.3003365993499756,0,,92,0,10.260232847445774,-6.143713064223951,6.441808047913112,-6.735356883596962,-2.1625020566211175,28,0,0,
repeatability_20260925_073032_245b26,repeatability,lab-gercek,rota-A-B,4,2026-09-25T07:30:32,2026-09-25T07:31:48,75.466,False,False,5 tur gidis-donus; her hedef ayri olcum,,,,,,,,,,,,,,,,,,,,,,,0.05000000074505806,756,762,1440.180042920709,521.2200155335665,918.9600273871424,20383,188105,367584,0.36191309419655876,,,,,,,,,,,,,,,,,True,236e03b19646a5ae9d8d88c8b3c1021f,succeeded,True,-0.6959915161132812,-9.333231925964355,-1.7782918036647641,map,global_plan_last_pose,1790321437.6366355,1790321507.9897006,71.49822783470154,71.400292044,5,0.17560312151908875,7.759193930446754,10.606127430542752,0.14834112329417887,0.18261604792942346,19.975133119014,0.2627355571777035,54,39,1.1993348598480225,0,,345,0,6.51053321832247,-6.674366354537785,-0.5221110430741427,-9.277426889838152,-2.1269236451157227,106,0,1,1790321500.4136827
repeatability_20260925_073148_e33d92,repeatability,lab-gercek,rota-A-B,5,2026-09-25T07:31:48,2026-09-25T07:32:56,68.414,False,False,5 tur gidis-donus; her hedef ayri olcum,,,,,,,,,,,,,,,,,,,,,,,0.05000000074505806,756,762,1440.180042920709,523.1625155914576,917.0175273292514,20741,188524,366807,0.36326188393117526,,,,,,,,,,,,,,,,,True,434a9b969451c33c2fbe39ace5f93dd1,aborted,False,-4.532755374908447,-4.629079341888428,-1.7782918036647641,map,global_plan_last_pose,1790321513.9179554,1790321576.4055622,63.80292797088623,63.700288472,0,0.1764916479587555,6.263366239738314,8.637622545461625,0.1353797203382741,0.1501824758758004,10.140515586810958,0.21381803470900942,49,43,1.3119852542877197,0,,307,0,-0.42200290055143364,-9.301446867955406,-4.42288853302638,-4.526687676626815,-1.9552771885044202,96,0,0,
repeatability_20260925_073256_1fd1d2,repeatability,lab-gercek,rota-A-B,6,2026-09-25T07:32:56,2026-09-25T07:34:58,121.921,False,False,5 tur gidis-donus; her hedef ayri olcum,,,,,,,,,,,,,,,,,,,,,,,0.05000000074505806,756,762,1440.180042920709,525.4800156605245,914.7000272601845,21231,188961,365880,0.3648710577844436,,,,,,,,,,,,,,,,,True,e39ea0a72a5229078a13ed9c62bc2801,aborted,False,11.008541107177734,-4.6776628494262695,-1.7782918036647641,map,global_plan_last_pose,1790321632.0236537,1790321698.3081827,67.60882997512817,67.500518935,0,0.24527204036712646,12.942632777253847,15.540806339327224,0.22986355990843726,0.21059531180679356,1.0306783438567853,0.24527203678535045,53,48,1.3132364749908447,0,,325,0,-0.10850127346888355,-8.804710145328166,10.818086608827617,-4.587788106515896,-1.7962805342940673,104,0,0,
repeatability_20260925_073458_33d40e,repeatability,lab-gercek,rota-A-B,7,2026-09-25T07:34:58,2026-09-25T07:36:51,113.533,False,False,5 tur gidis-donus; her hedef ayri olcum,,,,,,,,,,,,,,,,,,,,,,,0.05000000074505806,756,759,1434.5100427517298,526.1650156809391,908.3450270707907,21254,189212,363338,0.36679075084872187,,,,,,,,,,,,,,,,,True,c5b34f344fc448db10c9c1ec5551486c,succeeded,True,-5.481772422790527,-12.395750045776367,-1.7782918036647641,map,global_plan_last_pose,1790321772.2171705,1790321811.8921933,40.784175395965576,40.598473304,0,0.10198333859443665,8.03148917366279,9.868730556398567,0.24197450262473114,0.13604456471905838,18.141821607477805,0.23311652065515368,31,28,2.60361909866333,0,,195,0,-2.697923146521558,-6.903840829055721,-5.345730623039899,-12.39488268759886,-2.094926323024702,60,0,0,
repeatability_20260925_073651_ca7227,repeatability,lab-gercek,rota-A-B,8,2026-09-25T07:36:51,2026-09-25T07:38:46,114.722,False,False,5 tur gidis-donus; her hedef ayri olcum,,,,,,,,,,,,,,,,,,,,,,,0.05000000074505806,755,756,1426.9500425264243,526.0975156789274,900.8525268474968,21200,189239,360341,0.3686867094151862,,,,,,,,,,,,,,,,,True,fa99924584f9dbfc736f5f2ec90a5020,succeeded,True,11.191377639770508,-5.250350475311279,-1.7782918036647641,map,global_plan_last_pose,1790321817.3816888,1790321926.6213262,110.52895069122314,110.428503405,7,0.12586382031440735,18.799140962924785,23.700517163722594,0.21442813865059698,0.1460869297905163,3.163789286391216,0.1258638243533863,84,68,1.3362958431243896,0,,532,0,-5.2338696512936815,-12.274404900735917,11.045331874350897,-5.2538182496146515,-1.7230732637779156,166,0,1,1790321885.1566298
repeatability_20260925_074508_ffbf47,repeatability,lab-gercek,rota-A-B,1,2026-09-25T07:45:08,2026-09-25T07:46:01,53.36,False,False,n=10 tamamlama; ayni rota,,,,,,,,,,,,,,,,,,,,,,,0.05000000074505806,754,756,1425.0600424700979,533.1000158876182,891.9600265824797,21942,191298,356784,0.3740895120205465,,,,,,,,,,,,,,,,,True,7baa942d475529889deca533c349ba87,succeeded,True,-3.365860939025879,-5.507541656494141,-1.7782918036647641,map,global_plan_last_pose,1790322332.408168,1790322361.749166,30.50580620765686,30.410683465,0,0.0,5.04738020396093,5.711378024357345,0.18722265477854533,0.20070828455547648,25.591150278454577,0.22648617301919272,24,23,1.2312567234039307,0,,145,0,-2.5501284907032633,-9.486873482320517,-3.2508819007308043,-5.672051948700865,-2.22494163539646,46,0,0,
repeatability_20260925_074601_d34b93,repeatability,lab-gercek,rota-A-B,2,2026-09-25T07:46:01,2026-09-25T07:46:35,33.31,False,False,n=10 tamamlama; ayni rota,,,,,,,,,,,,,,,,,,,,,,,0.05000000074505806,754,756,1425.0600424700979,533.3525158951433,891.7075265749546,21989,191352,356683,0.3742666975425596,,,,,,,,,,,,,,,,,True,276957454de756d0fb640c71b17364bb,aborted,False,10.452129364013672,-5.344663143157959,-1.7782918036647641,map,global_plan_last_pose,1790322365.2453434,1790322395.068056,31.003009557724,30.90033848,1,12.85471248626709,14.917522596536315,4.59817926193394,0.148313964596652,11.788063780331266,80.91689772018061,13.142843753923616,24,21,1.2702112197875977,0,,146,0,-3.2104367995358096,-5.733576246515991,-1.2218899073855898,-6.9804264940606835,-0.3660255179481191,46,0,0,
