deney,ortam,hedef,metrik,birim,n,ortalama,medyan,std,min,max,ci95_alt,ci95_ust
camera,lab-gercek,kamera-60s,Kamera FPS,FPS,1,14.995966,14.995966,,14.995966,14.995966,,
camera,lab-gercek,kamera-60s,Kareler arası süre,s,1,0.066643,0.066643,,0.066643,0.066643,,
camera,lab-gercek,kamera-60s,Toplam kesinti,s,1,0.0,0.0,,0.0,0.0,,
camera,lab-gercek,kamera-60s,Alınan kare sayısı,,1,900.0,900.0,,900.0,900.0,,
mapping,lab-gercek,harita-baslangic,Harita kapsama oranı,oran,1,0.372158,0.372158,,0.372158,0.372158,,
mapping,lab-gercek,harita-baslangic,Bilinen harita alanı,m²,1,527.450016,527.450016,,527.450016,527.450016,,
mapping,lab-gercek,harita-baslangic,Dolu hücre sayısı,,1,20170.0,20170.0,,20170.0,20170.0,,
mapping,lab-gercek,harita-baslangic,Haritalama süresi,s,1,40.784299,40.784299,,40.784299,40.784299,,
obstacle,lab-gercek,engel-1,Hedefe ulaşma süresi,s,2,13.285572,13.285572,10.016279,6.202993,20.368151,-76.705677,103.276821
obstacle,lab-gercek,engel-1,Planlanan yol uzunluğu,m,2,5.2968,5.2968,0.638955,4.844991,5.748609,-0.443889,11.037489
obstacle,lab-gercek,engel-1,Gerçek gidilen mesafe,m,2,1.269259,1.269259,1.795004,0.0,2.538518,-14.857948,17.396466
obstacle,lab-gercek,engel-1,Ortalama hız,m/s,2,0.062316,0.062316,0.088128,0.0,0.124632,-0.72947,0.854101
obstacle,lab-gercek,engel-1,Doğrusal konum hatası,m,2,3.530499,3.530499,1.626646,2.380287,4.680712,-11.084095,18.145094
obstacle,lab-gercek,engel-1,Açısal konum hatası,°,2,119.80987,119.80987,0.612764,119.37658,120.243159,114.304491,125.315248
obstacle,lab-gercek,engel-1,Yeniden planlama sayısı,,2,5.0,5.0,7.071068,0.0,10.0,-58.53,68.53
obstacle,lab-gercek,engel-1,Alınan plan mesajı,,2,9.5,9.5,7.778175,4.0,15.0,-60.383,79.383
obstacle,lab-gercek,engel-1,İlk yeniden planlama süresi,s,1,6.395196,6.395196,,6.395196,6.395196,,
obstacle,lab-gercek,engel-1,Engel algılama olayı,,2,10.5,10.5,14.849242,0.0,21.0,-122.913,143.913
obstacle,lab-gercek,engel-1,Nav2 recovery sayısı,,2,2.0,2.0,2.828427,0.0,4.0,-23.412,27.412
obstacle,lab-gercek,engel-1,BT plan hesaplama,,2,17.0,17.0,15.556349,6.0,28.0,-122.766,156.766
obstacle,lab-gercek,engel-1,BT costmap temizleme,,2,0.0,0.0,0.0,0.0,0.0,0.0,0.0
obstacle,lab-gercek,engel-1,BT geri çekilme,,2,0.5,0.5,0.707107,0.0,1.0,-5.853,6.853
obstacle,lab-gercek,engel-1,Harita kapsama oranı,oran,2,0.375386,0.375386,2e-06,0.375384,0.375388,0.375364,0.375408
obstacle,lab-gercek,engel-1,Bilinen harita alanı,m²,2,534.947516,534.947516,0.003536,534.945016,534.950016,534.915751,534.979281
obstacle,lab-gercek,engel-1,Dolu hücre sayısı,,2,22257.0,22257.0,0.0,22257.0,22257.0,22257.0,22257.0
repeatability,lab-gercek,rota-A-B,Doğrusal konum hatası (yalnizca basarili),m,7,0.17311,0.178242,0.03195,0.136045,0.222138,0.14356,0.20266
repeatability,lab-gercek,rota-A-B,Açısal konum hatası (yalnizca basarili),°,7,14.636055,18.141822,9.407292,1.269642,25.59115,5.935448,23.336663
repeatability,lab-gercek,rota-A-B,Hedefe ulaşma süresi,s,10,62.423606,61.101999,35.565757,19.600328,130.502729,36.983163,87.864048
repeatability,lab-gercek,rota-A-B,Planlanan yol uzunluğu,m,10,9.578223,7.895342,4.975525,4.574905,18.799141,6.019194,13.137252
repeatability,lab-gercek,rota-A-B,Gerçek gidilen mesafe,m,10,10.805437,9.253177,5.906283,4.598179,23.700517,6.580631,15.030244
repeatability,lab-gercek,rota-A-B,Ortalama hız,m/s,10,0.190934,0.200825,0.065972,0.066148,0.274268,0.143744,0.238124
repeatability,lab-gercek,rota-A-B,Doğrusal konum hatası,m,10,1.336061,0.180429,3.672581,0.136045,11.788064,-1.290963,3.963085
repeatability,lab-gercek,rota-A-B,Açısal konum hatası,°,10,19.454048,15.219524,23.326948,1.030678,80.916898,2.768114,36.139982
repeatability,lab-gercek,rota-A-B,Yeniden planlama sayısı,,10,39.6,41.0,18.78652,14.0,69.0,26.161867,53.038133
repeatability,lab-gercek,rota-A-B,Alınan plan mesajı,,10,47.6,46.5,26.671666,15.0,98.0,28.521565,66.678435
repeatability,lab-gercek,rota-A-B,İlk yeniden planlama süresi,s,10,1.420078,1.30771,0.418143,1.199335,2.603619,1.120977,1.719179
repeatability,lab-gercek,rota-A-B,Engel algılama olayı,,10,0.0,0.0,0.0,0.0,0.0,0.0,0.0
repeatability,lab-gercek,rota-A-B,Nav2 recovery sayısı,,10,2.6,0.5,3.596294,0.0,10.0,0.027545,5.172455
repeatability,lab-gercek,rota-A-B,BT plan hesaplama,,10,93.3,91.5,53.329271,28.0,194.0,55.153188,131.446812
repeatability,lab-gercek,rota-A-B,BT costmap temizleme,,10,0.0,0.0,0.0,0.0,0.0,0.0,0.0
repeatability,lab-gercek,rota-A-B,BT geri çekilme,,10,0.4,0.0,0.699206,0.0,2.0,-0.100147,0.900147
repeatability,lab-gercek,rota-A-B,Harita kapsama oranı,oran,10,0.366511,0.365831,0.005238,0.360296,0.374267,0.362764,0.370258
repeatability,lab-gercek,rota-A-B,Bilinen harita alanı,m²,10,525.354516,524.321266,4.573463,521.220016,533.352516,522.083085,528.625946
repeatability,lab-gercek,rota-A-B,Dolu hücre sayısı,,10,20875.2,20970.5,767.102456,19960.0,21989.0,20326.486085,21423.913915
camera,(tümü),(tümü),Kamera FPS,FPS,1,14.995966,14.995966,,14.995966,14.995966,,
camera,(tümü),(tümü),Kareler arası süre,s,1,0.066643,0.066643,,0.066643,0.066643,,
camera,(tümü),(tümü),Toplam kesinti,s,1,0.0,0.0,,0.0,0.0,,
camera,(tümü),(tümü),Alınan kare sayısı,,1,900.0,900.0,,900.0,900.0,,
mapping,(tümü),(tümü),Harita kapsama oranı,oran,1,0.372158,0.372158,,0.372158,0.372158,,
mapping,(tümü),(tümü),Bilinen harita alanı,m²,1,527.450016,527.450016,,527.450016,527.450016,,
mapping,(tümü),(tümü),Dolu hücre sayısı,,1,20170.0,20170.0,,20170.0,20170.0,,
mapping,(tümü),(tümü),Haritalama süresi,s,1,40.784299,40.784299,,40.784299,40.784299,,
obstacle,(tümü),(tümü),Hedefe ulaşma süresi,s,2,13.285572,13.285572,10.016279,6.202993,20.368151,-76.705677,103.276821
obstacle,(tümü),(tümü),Planlanan yol uzunluğu,m,2,5.2968,5.2968,0.638955,4.844991,5.748609,-0.443889,11.037489
obstacle,(tümü),(tümü),Gerçek gidilen mesafe,m,2,1.269259,1.269259,1.795004,0.0,2.538518,-14.857948,17.396466
obstacle,(tümü),(tümü),Ortalama hız,m/s,2,0.062316,0.062316,0.088128,0.0,0.124632,-0.72947,0.854101
obstacle,(tümü),(tümü),Doğrusal konum hatası,m,2,3.530499,3.530499,1.626646,2.380287,4.680712,-11.084095,18.145094
obstacle,(tümü),(tümü),Açısal konum hatası,°,2,119.80987,119.80987,0.612764,119.37658,120.243159,114.304491,125.315248
obstacle,(tümü),(tümü),Yeniden planlama sayısı,,2,5.0,5.0,7.071068,0.0,10.0,-58.53,68.53
obstacle,(tümü),(tümü),Alınan plan mesajı,,2,9.5,9.5,7.778175,4.0,15.0,-60.383,79.383
obstacle,(tümü),(tümü),İlk yeniden planlama süresi,s,1,6.395196,6.395196,,6.395196,6.395196,,
obstacle,(tümü),(tümü),Engel algılama olayı,,2,10.5,10.5,14.849242,0.0,21.0,-122.913,143.913
obstacle,(tümü),(tümü),Nav2 recovery sayısı,,2,2.0,2.0,2.828427,0.0,4.0,-23.412,27.412
obstacle,(tümü),(tümü),BT plan hesaplama,,2,17.0,17.0,15.556349,6.0,28.0,-122.766,156.766
obstacle,(tümü),(tümü),BT costmap temizleme,,2,0.0,0.0,0.0,0.0,0.0,0.0,0.0
obstacle,(tümü),(tümü),BT geri çekilme,,2,0.5,0.5,0.707107,0.0,1.0,-5.853,6.853
obstacle,(tümü),(tümü),Harita kapsama oranı,oran,2,0.375386,0.375386,2e-06,0.375384,0.375388,0.375364,0.375408
obstacle,(tümü),(tümü),Bilinen harita alanı,m²,2,534.947516,534.947516,0.003536,534.945016,534.950016,534.915751,534.979281
obstacle,(tümü),(tümü),Dolu hücre sayısı,,2,22257.0,22257.0,0.0,22257.0,22257.0,22257.0,22257.0
repeatability,(tümü),(tümü),Hedefe ulaşma süresi,s,10,62.423606,61.101999,35.565757,19.600328,130.502729,36.983163,87.864048
repeatability,(tümü),(tümü),Planlanan yol uzunluğu,m,10,9.578223,7.895342,4.975525,4.574905,18.799141,6.019194,13.137252
repeatability,(tümü),(tümü),Gerçek gidilen mesafe,m,10,10.805437,9.253177,5.906283,4.598179,23.700517,6.580631,15.030244
repeatability,(tümü),(tümü),Ortalama hız,m/s,10,0.190934,0.200825,0.065972,0.066148,0.274268,0.143744,0.238124
repeatability,(tümü),(tümü),Doğrusal konum hatası,m,10,1.336061,0.180429,3.672581,0.136045,11.788064,-1.290963,3.963085
repeatability,(tümü),(tümü),Açısal konum hatası,°,10,19.454048,15.219524,23.326948,1.030678,80.916898,2.768114,36.139982
repeatability,(tümü),(tümü),Yeniden planlama sayısı,,10,39.6,41.0,18.78652,14.0,69.0,26.161867,53.038133
repeatability,(tümü),(tümü),Alınan plan mesajı,,10,47.6,46.5,26.671666,15.0,98.0,28.521565,66.678435
repeatability,(tümü),(tümü),İlk yeniden planlama süresi,s,10,1.420078,1.30771,0.418143,1.199335,2.603619,1.120977,1.719179
repeatability,(tümü),(tümü),Engel algılama olayı,,10,0.0,0.0,0.0,0.0,0.0,0.0,0.0
repeatability,(tümü),(tümü),Nav2 recovery sayısı,,10,2.6,0.5,3.596294,0.0,10.0,0.027545,5.172455
repeatability,(tümü),(tümü),BT plan hesaplama,,10,93.3,91.5,53.329271,28.0,194.0,55.153188,131.446812
repeatability,(tümü),(tümü),BT costmap temizleme,,10,0.0,0.0,0.0,0.0,0.0,0.0,0.0
repeatability,(tümü),(tümü),BT geri çekilme,,10,0.4,0.0,0.699206,0.0,2.0,-0.100147,0.900147
repeatability,(tümü),(tümü),Harita kapsama oranı,oran,10,0.366511,0.365831,0.005238,0.360296,0.374267,0.362764,0.370258
repeatability,(tümü),(tümü),Bilinen harita alanı,m²,10,525.354516,524.321266,4.573463,521.220016,533.352516,522.083085,528.625946
repeatability,(tümü),(tümü),Dolu hücre sayısı,,10,20875.2,20970.5,767.102456,19960.0,21989.0,20326.486085,21423.913915
